timestamp,userId,planId,amountInKobo,amount,paymentMethod,kind,durationType,durationValue
2026-09-01T08:50:10.599Z,k97ewj26gbkx36amgcz2b404dx81xrpr,month,62500,,bank_transfer,paid,fullday,
2026-09-01T08:51:34.386Z,k97e42yx3q8dkpmyheew1bjdq9821z96,,,,,free,,
2026-09-01T09:00:51.512Z,k970q7c0kds5wher2gmtf7k49d80e827,month,66666.66666666667,,bank_transfer,paid,fullday,
2026-09-01T10:43:23.527Z,k9734nxpv51rdc5vb71xek5e7n85a0wm,month,66666.66666666667,,bank_transfer,paid,fullday,
2026-09-01T10:43:48.903Z,k97c9cvv1j82evdw5d6ajzqxjd7fce3q,daily,3000,,bank_transfer,paid,hourly,5
2026-09-01T11:19:12.893Z,k97bw35nve3yvy2c7wkp9vzfk17fazcv,month,66666.66666666667,,bank_transfer,paid,fullday,
2026-09-01T12:42:11.128Z,k977bmqfeg71frfnehzydjn6n186texe,,,,,free,,
2026-09-01T13:07:51.503Z,k97ajpe46rskxp208wfkqjx1r58djs57,,,,,free,,
2026-09-01T14:07:30.853Z,k97f79phencnwhy3b81f9kn9n589dqmk,month,62500,,bank_transfer,paid,fullday,
2026-09-02T07:58:30.262Z,k971yx022y5fgkst9gwkc1heqs8bemyz,month,62500,,bank_transfer,paid,fullday,
2026-09-02T10:43:45.220Z,k977bmqfeg71frfnehzydjn6n186texe,,,,,free,,
2026-09-02T10:46:39.098Z,k97ese3c153ws3ysyvax4dydph8dnyw2,,,,,free,,
2026-09-02T10:48:02.012Z,k9734nxpv51rdc5vb71xek5e7n85a0wm,month,66666.66666666667,,bank_transfer,paid,fullday,
2026-09-02T10:48:14.966Z,k97ewj26gbkx36amgcz2b404dx81xrpr,month,62500,,bank_transfer,paid,fullday,
2026-09-02T12:30:10.710Z,k97f79phencnwhy3b81f9kn9n589dqmk,month,62500,,bank_transfer,paid,fullday,
2026-09-02T12:30:59.559Z,k97dwj944cbs1evwmp0kyq2wt58dmk18,daily,3000,,cash,paid,fullday,
2026-09-02T12:35:48.090Z,k97epfg0265ejg475q2zpqpf0s7n67nd,daily,3000,,bank_transfer,paid,fullday,
2026-09-03T10:57:49.486Z,k9734nxpv51rdc5vb71xek5e7n85a0wm,month,66666.66666666667,,bank_transfer,paid,fullday,
2026-09-03T11:00:31.371Z,k971yx022y5fgkst9gwkc1heqs8bemyz,month,62500,,bank_transfer,paid,fullday,
2026-09-03T11:01:38.041Z,k97a3fgv0n9ef51hxffd25kjp58cwnhw,month,62500,,bank_transfer,paid,fullday,
2026-09-03T11:02:57.897Z,k97bw35nve3yvy2c7wkp9vzfk17fazcv,month,66666.66666666667,,bank_transfer,paid,fullday,
2026-09-03T11:03:37.617Z,k97ewj26gbkx36amgcz2b404dx81xrpr,month,62500,,bank_transfer,paid,fullday,
2026-09-03T11:05:44.983Z,k970t5126gt4vnmf7hk6tj4wd189100r,month,62500,,bank_transfer,paid,fullday,
2026-09-03T11:10:56.107Z,k97fybfpjn2nrjfdvxknc8z1wx8453wg,,,,,free,,
2026-09-03T11:16:52.780Z,k97d1csns5yyx7mtecb975kchh8dqrd7,,,,,free,,
2026-09-03T12:26:31.798Z,k97c9cvv1j82evdw5d6ajzqxjd7fce3q,daily,3000,,bank_transfer,paid,fullday,
2026-09-03T14:15:51.275Z,k976sb1nq4bzsn4t026148q54s871ynv,month,62500,,bank_transfer,paid,fullday,
2026-09-03T16:05:02.637Z,k97ecavk9gfk281yzjgkf8sgdd8462xe,month,62500,,bank_transfer,paid,fullday,
2026-09-04T07:47:31.458Z,k971yx022y5fgkst9gwkc1heqs8bemyz,month,62500,,bank_transfer,paid,fullday,
2026-09-04T08:43:38.796Z,k970q7c0kds5wher2gmtf7k49d80e827,month,66666.66666666667,,bank_transfer,paid,fullday,
2026-09-04T09:05:08.271Z,k973zyp89rke7qrqhxgjtjdpp17nnar6,daily,3000,,bank_transfer,paid,hourly,4
2026-09-04T09:37:12.278Z,k97ecavk9gfk281yzjgkf8sgdd8462xe,month,62500,,bank_transfer,paid,fullday,
2026-09-04T10:22:51.674Z,k97a3fgv0n9ef51hxffd25kjp58cwnhw,month,62500,,bank_transfer,paid,fullday,
2026-09-04T10:23:59.743Z,k97e42yx3q8dkpmyheew1bjdq9821z96,,,,,free,,
2026-09-04T12:49:55.832Z,k97f79phencnwhy3b81f9kn9n589dqmk,month,62500,,bank_transfer,paid,fullday,
2026-09-04T16:24:04.801Z,k97bw35nve3yvy2c7wkp9vzfk17fazcv,month,66666.66666666667,,bank_transfer,paid,fullday,
2026-09-04T16:24:21.100Z,k97chhc78pz0j4xswh5ytpw50h8dhz4m,daily,3000,,cash,paid,hourly,1
2026-09-05T09:08:03.193Z,k978jb9j6wa0s6bt6w9pdkfwts8dvdg5,,,,,free,,
2026-09-05T09:10:41.844Z,k974awnn2a2cnyxwzd4mr9ne1s8dt2pm,,,,,free,,
2026-09-05T09:12:35.860Z,k9768nkn3ptfw9pcqbna0kj1058dvp9d,,,,,free,,
2026-09-05T09:21:02.540Z,k9721azw72vx9c3pjqs290card8dtfqe,,,,,free,,
2026-09-05T09:22:09.169Z,k971yx022y5fgkst9gwkc1heqs8bemyz,month,62500,,bank_transfer,paid,fullday,
2026-09-05T09:49:35.892Z,k97f79phencnwhy3b81f9kn9n589dqmk,month,62500,,bank_transfer,paid,fullday,
2026-09-05T11:13:00.061Z,k97cyrv3wczdbhdh3aapzff4q18dv38d,,,,,free,,
2026-09-05T11:21:32.822Z,k97bdyrbr770ybxn3gz3a4cqen8dvztv,,,,,free,,
2026-09-05T11:23:50.256Z,k97c7r1ghmzv7rcymc2w3c9vjh8dvkvk,,,,,free,,
2026-09-05T11:30:28.895Z,k97474msq4wnjh8gg86gdg4zxd8dt0jd,,,,,free,,
2026-09-05T13:03:25.499Z,k97b6k5pk5sjbjmtnmgzm5bjch7hajf3,daily,3000,,bank_transfer,paid,hourly,3
2026-09-05T13:24:31.153Z,k971n80d4tfkdjy4fn58taggan8dtj88,,,,,free,,
2026-09-07T09:40:39.737Z,k971yx022y5fgkst9gwkc1heqs8bemyz,month,62500,,bank_transfer,paid,fullday,
2026-09-07T09:41:46.713Z,k97bw35nve3yvy2c7wkp9vzfk17fazcv,month,66666.66666666667,,bank_transfer,paid,fullday,
2026-09-07T09:53:00.646Z,k976vz5942ny4skebmqtcr7y9d80nc40,month,62500,,bank_transfer,paid,fullday,
2026-09-07T10:52:57.698Z,k97a3fgv0n9ef51hxffd25kjp58cwnhw,month,62500,,bank_transfer,paid,fullday,
2026-09-07T13:05:33.859Z,k97ewj26gbkx36amgcz2b404dx81xrpr,month,62500,,bank_transfer,paid,fullday,
2026-09-07T16:02:58.106Z,k976sb1nq4bzsn4t026148q54s871ynv,month,66666.66666666667,,bank_transfer,paid,fullday,
2026-09-07T17:12:56.899Z,k97ecavk9gfk281yzjgkf8sgdd8462xe,month,62500,,bank_transfer,paid,fullday,
2026-09-08T08:52:29.560Z,k971yx022y5fgkst9gwkc1heqs8bemyz,month,62500,,bank_transfer,paid,fullday,
2026-09-08T08:54:09.193Z,k97b6k5pk5sjbjmtnmgzm5bjch7hajf3,week,166666.66666666666,,bank_transfer,paid,fullday,
2026-09-08T08:55:25.415Z,k97c30eyr2fkzp0gtbn71mjke58a2g9y,month,62500,,bank_transfer,paid,fullday,
2026-09-08T09:28:30.052Z,k970t5126gt4vnmf7hk6tj4wd189100r,,,,,free,,
2026-09-08T10:21:01.909Z,k9707j4tncaneyxbpb92kfnhdn7vj6zb,,,,,free,,
2026-09-08T10:44:15.844Z,k97ewj26gbkx36amgcz2b404dx81xrpr,month,62500,,bank_transfer,paid,fullday,
2026-09-08T11:42:17.649Z,k9778gcx7jdnh08hcwxvanr4bn8e0epf,,,,,free,,
2026-09-08T11:55:04.359Z,k97e336fa3327408zmyczgprn18e0vv1,,,,,free,,
2026-09-08T12:49:19.563Z,k97e3wsr4z3k90pwv90pj6kbk98e0ht3,daily,3000,,cash,paid,hourly,3
2026-09-08T13:28:09.779Z,k97f79phencnwhy3b81f9kn9n589dqmk,month,62500,,bank_transfer,paid,fullday,
2026-09-08T14:18:45.304Z,k976vz5942ny4skebmqtcr7y9d80nc40,month,62500,,bank_transfer,paid,fullday,
2026-09-09T08:32:42.673Z,k97c30eyr2fkzp0gtbn71mjke58a2g9y,month,62500,,bank_transfer,paid,fullday,
2026-09-09T08:41:51.906Z,k971yx022y5fgkst9gwkc1heqs8bemyz,month,62500,,bank_transfer,paid,fullday,
2026-09-09T09:07:46.920Z,k976sb1nq4bzsn4t026148q54s871ynv,month,66666.66666666667,,bank_transfer,paid,fullday,
2026-09-09T09:07:49.626Z,k97a3fgv0n9ef51hxffd25kjp58cwnhw,month,62500,,bank_transfer,paid,fullday,
2026-09-09T09:24:47.078Z,k97b6k5pk5sjbjmtnmgzm5bjch7hajf3,week,166666.66666666666,,bank_transfer,paid,fullday,
2026-09-09T10:08:42.746Z,k970q7c0kds5wher2gmtf7k49d80e827,month,66666.66666666667,,bank_transfer,paid,fullday,
2026-09-09T14:10:36.500Z,k97f79phencnwhy3b81f9kn9n589dqmk,month,62500,,bank_transfer,paid,fullday,
2026-09-09T15:10:01.149Z,k97bw35nve3yvy2c7wkp9vzfk17fazcv,month,66666.66666666667,,bank_transfer,paid,fullday,
2026-09-10T07:51:53.643Z,k971yx022y5fgkst9gwkc1heqs8bemyz,month,62500,,bank_transfer,paid,fullday,
2026-09-10T09:18:52.944Z,k97bw35nve3yvy2c7wkp9vzfk17fazcv,month,66666.66666666667,,bank_transfer,paid,fullday,
2026-09-10T09:32:10.287Z,k970t5126gt4vnmf7hk6tj4wd189100r,,,,,free,,
2026-09-10T11:31:51.607Z,k970q7c0kds5wher2gmtf7k49d80e827,month,66666.66666666667,,bank_transfer,paid,fullday,
2026-09-10T14:55:59.312Z,k976sb1nq4bzsn4t026148q54s871ynv,month,66666.66666666667,,bank_transfer,paid,fullday,
2026-09-10T16:56:24.474Z,k97f79phencnwhy3b81f9kn9n589dqmk,month,62500,,bank_transfer,paid,fullday,
2026-09-11T17:38:00.603Z,k97bw35nve3yvy2c7wkp9vzfk17fazcv,month,66666.66666666667,,bank_transfer,paid,fullday,
2026-09-11T19:08:01.677Z,k971yx022y5fgkst9gwkc1heqs8bemyz,month,62500,,bank_transfer,paid,fullday,
2026-09-12T07:49:13.017Z,k971yx022y5fgkst9gwkc1heqs8bemyz,month,62500,,bank_transfer,paid,fullday,
2026-09-12T07:53:30.805Z,k97b6k5pk5sjbjmtnmgzm5bjch7hajf3,week,166666.66666666666,,bank_transfer,paid,fullday,
2026-09-12T09:05:49.125Z,k976sb1nq4bzsn4t026148q54s871ynv,month,66666.66666666667,,bank_transfer,paid,fullday,
2026-09-12T09:32:43.906Z,k97f79phencnwhy3b81f9kn9n589dqmk,month,62500,,bank_transfer,paid,fullday,
2026-09-12T10:55:09.412Z,k97demz5esd62tfcn17m345sdn8e97ra,daily,3000,,bank_transfer,paid,fullday,
2026-09-12T11:52:20.064Z,k97e5ted430pk3qwk610rwm1kx88fs3p,daily,3000,,bank_transfer,paid,fullday,
2026-09-12T15:01:52.550Z,k97bv00wy1vvjenfeqn4b7311n85x9jx,daily,3000,,bank_transfer,paid,hourly,2
2026-09-14T08:16:11.115Z,k97b6k5pk5sjbjmtnmgzm5bjch7hajf3,week,166666.66666666666,,bank_transfer,paid,fullday,
2026-09-14T08:17:46.422Z,k971yx022y5fgkst9gwkc1heqs8bemyz,month,62500,,bank_transfer,paid,fullday,
2026-09-14T09:56:50.359Z,k97bw35nve3yvy2c7wkp9vzfk17fazcv,month,66666.66666666667,,bank_transfer,paid,fullday,
2026-09-14T09:59:54.405Z,k97a3fgv0n9ef51hxffd25kjp58cwnhw,month,62500,,bank_transfer,paid,fullday,
2026-09-14T11:25:56.663Z,k970q7c0kds5wher2gmtf7k49d80e827,month,66666.66666666667,,bank_transfer,paid,fullday,
2026-09-14T18:17:59.686Z,k97chhc78pz0j4xswh5ytpw50h8dhz4m,daily,3000,,bank_transfer,paid,hourly,1
2026-09-15T09:45:31.919Z,k97b6k5pk5sjbjmtnmgzm5bjch7hajf3,daily,3000,,bank_transfer,paid,fullday,
2026-09-15T10:29:35.661Z,k97a3fgv0n9ef51hxffd25kjp58cwnhw,month,62500,,bank_transfer,paid,fullday,
2026-09-15T10:43:24.431Z,k970q7c0kds5wher2gmtf7k49d80e827,month,66666.66666666667,,bank_transfer,paid,fullday,
2026-09-15T10:53:38.212Z,k97c30eyr2fkzp0gtbn71mjke58a2g9y,month,62500,,bank_transfer,paid,fullday,
2026-09-15T11:20:48.987Z,k97bw35nve3yvy2c7wkp9vzfk17fazcv,month,66666.66666666667,,bank_transfer,paid,fullday,
2026-09-15T13:37:00.331Z,k976vz5942ny4skebmqtcr7y9d80nc40,month,62500,,bank_transfer,paid,fullday,
2026-09-15T17:30:34.201Z,k97f79phencnwhy3b81f9kn9n589dqmk,month,62500,,bank_transfer,paid,fullday,
2026-09-15T17:30:59.609Z,k97chhc78pz0j4xswh5ytpw50h8dhz4m,daily,3000,,bank_transfer,paid,hourly,3
2026-09-16T08:19:02.107Z,k97a3fgv0n9ef51hxffd25kjp58cwnhw,month,62500,,bank_transfer,paid,fullday,
2026-09-16T08:21:35.140Z,k970q7c0kds5wher2gmtf7k49d80e827,month,66666.66666666667,,bank_transfer,paid,fullday,
2026-09-16T08:24:50.204Z,k971yx022y5fgkst9gwkc1heqs8bemyz,month,62500,,bank_transfer,paid,fullday,
2026-09-16T11:17:07.769Z,k97bw35nve3yvy2c7wkp9vzfk17fazcv,month,66666.66666666667,,bank_transfer,paid,fullday,
2026-09-16T16:16:53.937Z,k97chhc78pz0j4xswh5ytpw50h8dhz4m,daily,3000,,bank_transfer,paid,hourly,2
2026-09-16T16:49:07.510Z,k974jprsvmggyc7rqwtm4z041d8ehmv3,daily,3000,,bank_transfer,paid,fullday,
2026-09-17T08:35:30.882Z,k971yx022y5fgkst9gwkc1heqs8bemyz,month,62500,,bank_transfer,paid,fullday,
2026-09-17T09:12:41.602Z,k97a3fgv0n9ef51hxffd25kjp58cwnhw,month,62500,,bank_transfer,paid,fullday,
2026-09-17T09:16:59.788Z,k970t5126gt4vnmf7hk6tj4wd189100r,,,,,free,,
2026-09-17T09:42:15.593Z,k97bw35nve3yvy2c7wkp9vzfk17fazcv,month,66666.66666666667,,bank_transfer,paid,fullday,
2026-09-17T13:26:21.431Z,k97f79phencnwhy3b81f9kn9n589dqmk,month,62500,,bank_transfer,paid,fullday,
2026-09-17T13:29:16.159Z,k976vz5942ny4skebmqtcr7y9d80nc40,month,62500,,bank_transfer,paid,fullday,
2026-09-18T09:01:41.975Z,k971yx022y5fgkst9gwkc1heqs8bemyz,month,62500,,bank_transfer,paid,fullday,
2026-09-18T09:16:24.069Z,k97a3fgv0n9ef51hxffd25kjp58cwnhw,,,,,free,,
2026-09-18T12:42:28.334Z,k97e34vjhcfm245nh4z5yj3wnh8ecjjc,month,66666.66666666667,,bank_transfer,paid,fullday,
2026-09-18T16:18:32.416Z,k97f79phencnwhy3b81f9kn9n589dqmk,month,62500,,bank_transfer,paid,fullday,
2026-09-19T12:41:27.785Z,k97chhc78pz0j4xswh5ytpw50h8dhz4m,daily,3000,,bank_transfer,paid,hourly,4
2026-09-19T15:04:04.617Z,k97f79phencnwhy3b81f9kn9n589dqmk,month,62500,,bank_transfer,paid,fullday,
2026-09-21T07:48:41.039Z,k971yx022y5fgkst9gwkc1heqs8bemyz,month,62500,,bank_transfer,paid,fullday,
2026-09-21T10:11:21.741Z,k970q7c0kds5wher2gmtf7k49d80e827,month,66666.66666666667,,bank_transfer,paid,fullday,
2026-09-21T13:00:56.876Z,k97chhc78pz0j4xswh5ytpw50h8dhz4m,daily,3000,,bank_transfer,paid,hourly,3
2026-09-21T14:08:22.091Z,k97bw35nve3yvy2c7wkp9vzfk17fazcv,month,66666.66666666667,,bank_transfer,paid,fullday,
2026-09-21T14:09:41.127Z,k97e34vjhcfm245nh4z5yj3wnh8ecjjc,month,66666.66666666667,,bank_transfer,paid,fullday,
2026-09-22T08:19:46.002Z,k971yx022y5fgkst9gwkc1heqs8bemyz,month,62500,,bank_transfer,paid,fullday,
2026-09-22T09:36:06.278Z,k970q7c0kds5wher2gmtf7k49d80e827,month,66666.66666666667,,bank_transfer,paid,fullday,
2026-09-22T09:37:02.773Z,k97a3fgv0n9ef51hxffd25kjp58cwnhw,month,62500,,bank_transfer,paid,fullday,
2026-09-22T09:38:04.913Z,k970t5126gt4vnmf7hk6tj4wd189100r,,,,,free,,
2026-09-22T09:38:55.374Z,k97bw35nve3yvy2c7wkp9vzfk17fazcv,month,66666.66666666667,,bank_transfer,paid,fullday,
2026-09-22T10:18:09.814Z,k9778gcx7jdnh08hcwxvanr4bn8e0epf,,,,,free,,
2026-09-22T10:46:43.197Z,k97e3wsr4z3k90pwv90pj6kbk98e0ht3,month,62500,,bank_transfer,paid,fullday,
2026-09-22T12:01:26.735Z,k977favvxdgy6dkzf5pgt86eqd8ewgx8,,,,,free,,
2026-09-22T13:06:27.613Z,k9707j4tncaneyxbpb92kfnhdn7vj6zb,,,,,free,,
2026-09-22T13:41:08.097Z,k97e34vjhcfm245nh4z5yj3wnh8ecjjc,month,66666.66666666667,,bank_transfer,paid,fullday,
2026-09-22T18:05:04.715Z,k97e42yx3q8dkpmyheew1bjdq9821z96,month,62500,,bank_transfer,paid,fullday,
2026-09-23T08:11:59.257Z,k97c30eyr2fkzp0gtbn71mjke58a2g9y,month,62500,,bank_transfer,paid,fullday,
2026-09-23T08:12:46.895Z,k971yx022y5fgkst9gwkc1heqs8bemyz,,,,,free,,
2026-09-23T12:52:27.305Z,k97bw35nve3yvy2c7wkp9vzfk17fazcv,month,66666.66666666667,,bank_transfer,paid,fullday,
2026-09-23T15:27:04.477Z,k97f79phencnwhy3b81f9kn9n589dqmk,month,62500,,bank_transfer,paid,fullday,
2026-09-23T18:02:28.238Z,k97e42yx3q8dkpmyheew1bjdq9821z96,month,62500,,bank_transfer,paid,fullday,
2026-09-23T18:02:28.238Z,k97e42yx3q8dkpmyheew1bjdq9821z96,daily,3000,,bank_transfer,paid,hourly,3
2026-09-24T07:58:27.346Z,k970t5126gt4vnmf7hk6tj4wd189100r,,,,,free,,
2026-09-24T08:19:30.516Z,k971yx022y5fgkst9gwkc1heqs8bemyz,,,,,free,,
2026-09-24T09:03:03.220Z,k97e3wsr4z3k90pwv90pj6kbk98e0ht3,month,62500,,bank_transfer,paid,fullday,
2026-09-24T09:06:30.682Z,k97bw35nve3yvy2c7wkp9vzfk17fazcv,month,66666.66666666667,,bank_transfer,paid,fullday,
2026-09-24T09:49:22.545Z,k97e42yx3q8dkpmyheew1bjdq9821z96,month,62500,,bank_transfer,paid,fullday,
2026-09-24T10:53:32.300Z,k9746zv1rwvbd20ypr0qp7j1r58f1xpa,,,,,free,,
2026-09-24T12:20:49.571Z,k97e34vjhcfm245nh4z5yj3wnh8ecjjc,month,66666.66666666667,,bank_transfer,paid,fullday,
2026-09-24T13:50:02.283Z,k977bmqfeg71frfnehzydjn6n186texe,,,,,free,,
2026-09-24T15:50:22.096Z,k97c30eyr2fkzp0gtbn71mjke58a2g9y,month,62500,,bank_transfer,paid,fullday,
2026-09-24T15:50:47.489Z,k97f79phencnwhy3b81f9kn9n589dqmk,month,62500,,bank_transfer,paid,fullday,
